"[{""Question ID"": 3, ""Correct"": true}, {""Question ID"": 4, ""Correct"": true}]",2
"[{""Question ID"": 3, ""Correct"": true}, {""Question ID"": 4, ""Correct"": true}]",2
"[{""Question ID"": 1, ""Correct"": true}, {""Question ID"": 2, ""Correct"": true}]",0
"[{""Question ID"": 1, ""Correct"": true}, {""Question ID"": 2, ""Correct"": true}]",2
"[{""Question ID"": 1, ""Correct"": true}, {""Question ID"": 2, ""Correct"": false}]",0
"[{""Question ID"": 1, ""Correct"": true}, {""Question ID"": 2, ""Correct"": false}]",1
"[{""Question ID"": 1, ""Correct"": true}, {""Question ID"": 2, ""Correct"": false}]",1
"[{""Question ID"": 1, ""Correct"": true}, {""Question ID"": 2, ""Correct"": false}]",1
"[{""Question ID"": 1, ""Correct"": true}, {""Question ID"": 2, ""Correct"": false}]",1
"[{""Question ID"": 1, ""Correct"": true}, {""Question ID"": 2, ""Correct"": false}]",1
"[{""Question ID"": 1, ""Correct"": true}, {""Question ID"": 2, ""Correct"": false}]",1
"[{""Question ID"": 1, ""Correct"": true}, {""Question ID"": 2, ""Correct"": false}]",1
"[{""Question ID"": 1, ""Correct"": true}, {""Question ID"": 2, ""Correct"": true}]",2
"[{""Question ID"": 3, ""Correct"": true}, {""Question ID"": 4, ""Correct"": true}]",2
"[{""Question ID"": 3, ""Correct"": true}, {""Question ID"": 4, ""Correct"": true}]",2
"[{""Question ID"": 7, ""Correct"": true}, {""Question ID"": 8, ""Correct"": true}]",2
"[{""Question ID"": 7, ""Correct"": false}, {""Question ID"": 8, ""Correct"": false}]",0
"[{""Question ID"": 9, ""Correct"": false}, {""Question ID"": 10, ""Correct"": false}, {""Question ID"": 11, ""Correct"": false}, {""Question ID"": 12, ""Correct"": false}, {""Question ID"": 13, ""Correct"": false}, {""Question ID"": 14, ""Correct"": false}, {""Question ID"": 15, ""Correct"": false}]",0
"[{""Question ID"": 5, ""Correct"": true}, {""Question ID"": 6, ""Correct"": true}]",2
"[{""Question ID"": 5, ""Correct"": true}, {""Question ID"": 6, ""Correct"": true}]",2
"[{""Question ID"": 5, ""Correct"": true}, {""Question ID"": 6, ""Correct"": true}]",2
"[{""Question ID"": 3, ""Correct"": true}, {""Question ID"": 4, ""Correct"": true}]",2
"[{""Question ID"": 5, ""Correct"": true}, {""Question ID"": 6, ""Correct"": true}]",2
"[{""Question ID"": 3, ""Correct"": true}, {""Question ID"": 4, ""Correct"": true}]",2
"[{""Question ID"": 3, ""Correct"": true}, {""Question ID"": 4, ""Correct"": true}]",2
"[{""Question ID"": 3, ""Correct"": true}, {""Question ID"": 4, ""Correct"": true}]",2
"[{""Question ID"": 5, ""Correct"": true}, {""Question ID"": 6, ""Correct"": true}]",2
"[{""Question ID"": 7, ""Correct"": true}, {""Question ID"": 8, ""Correct"": true}]",2
"[{""Question ID"": 7, ""Correct"": true}, {""Question ID"": 8, ""Correct"": true}]",2
"[{""Question ID"": 7, ""Correct"": true}, {""Question ID"": 8, ""Correct"": true}]",2
